id_cliente,ticket_medio
1,100.0
2,62.857142857142854
3,104.28571428571429
4,55.0
5,51.0
6,74.0
7,82.85714285714286
8,140.0
9,62.5
10,104.375
11,65.0
12,71.66666666666667
13,80.0
14,81.66666666666667
15,68.57142857142857
16,35.0
17,90.0
18,51.0
19,86.0
20,65.0
